Index,Source,URL,Description,Date_Range,Data_Type,Status,Reliability_Level,Validation_Status
1,WHO Disease Outbreak News Angola 2025,https://www.who.int/emergencies/disease-outbreak-news/item/2025-DON562,Official WHO outbreak report with comprehensive 2025 outbreak data,2025,Official Surveillance,Active,Level 1,Validated
2,UNICEF Angola Cholera Situation Report March 2025,https://reliefweb.int/report/angola/unicef-angola-situation-report-no-4-cholera-outbreak-11-march-2025,Humanitarian response data with case demographics,2025,Humanitarian Response,Active,Level 2,Validated
3,UNICEF Angola Cholera Situation Report May 2006,https://reliefweb.int/report/angola/cholera-outbreak-unicef-angola-situation-report-26-may-2006,Historical major outbreak surveillance data,2006,Humanitarian Response,Active,Level 2,Validated
4,Frontiers Microbiology Angola Cholera Study,https://www.frontiersin.org/articles/10.3389/fmicb.2013.00354/full,Retrospective study of cholera variants 1992-2006,1992-2006,Academic Literature,Active,Level 1,Validated
5,BMC Infectious Diseases Cross-Border Study,https://bmcinfectdis.biomedcentral.com/articles/10.1186/s12879-021-06986-9,Cross-border cholera transmission Angola-DRC 1973-2018,1973-2018,Academic Literature,Active,Level 1,Validated
6,WHO AFRO Angola Cholera Response Updates,https://www.afro.who.int/countries/angola/news/strengthening-active-cholera-case-finding-angola,Current outbreak response and surveillance activities,2025,Official Surveillance,Active,Level 1,Validated
7,The Lancet Angola Cholera Commentary,https://www.thelancet.com/journals/lancet/article/PIIS0140-6736(25)00240-5/fulltext,Expert analysis of 2025 outbreak with historical context,2025,Academic Literature,Active,Level 1,Validated
8,ECDC Cholera Worldwide Surveillance,https://www.ecdc.europa.eu/en/all-topics-z/cholera/surveillance-and-disease-data/cholera-monthly,Monthly global cholera surveillance including Angola data,2020-2025,International Surveillance,Active,Level 1,Validated
9,ReliefWeb Angola Cholera Emergency,https://reliefweb.int/disaster/ep-2025-000013-ago,Emergency response coordination and outbreak data,2025,Humanitarian Coordination,Active,Level 2,Validated
10,Africa CDC Angola Cholera Support,https://africacdc.org/news-item/africa-cdc-supports-angola-to-fight-cholera/,Regional CDC response and surveillance support,2025,Regional Organization,Active,Level 2,Validated